Workbook

Sheet Dashboard
A1: BUSINESS KPI DASHBOARD — CUSTOMER CHURN
A2: Synthetic customer sample | Select filters below to update KPI cards
A4: Contract Type | B4: All | D4: Payment Method | E4: All | G4: Tenure Band | H4: All
A6: Customers | C6: Churn Rate | E6: Retention Rate | G6: Monthly Revenue at Risk
A7: =SUMPRODUCT((('Cleaned Data'!$H$2:$H$16=$B$4)+($B$4="All"))*(('Cleaned Data'!$J$2:$J$16=$E$4)+($E$4="All"))*(('Cleaned Data'!$L$2:$L$16=$H$4)+($H$4="All"))) -> 15 | C7: =IFERROR(SUMPRODUCT((('Cleaned Data'!$H$2:$H$16=$B$4)+($B$4="All"))*(('Cleaned Data'!$J$2:$J$16=$E$4)+($E$4="All"))*(('Cleaned Data'!$L$2:$L$16=$H$4)+($H$4="All"))*('Cleaned Data'!$K$2:$K$16="Yes"))/SUMPRODUCT((('Cleaned Data'!$H$2:$H$16=$B$4)+($B$4="All"))*(('Cleaned Data'!$J$2:$J$16=$E$4)+($E$4="All"))*(('Cleaned Data'!$L$2:$L$16=$H$4)+($H$4="All"))),0) -> 0.46666667 | E7: =IFERROR(1-SUMPRODUCT((('Cleaned Data'!$H$2:$H$16=$B$4)+($B$4="All"))*(('Cleaned Data'!$J$2:$J$16=$E$4)+($E$4="All"))*(('Cleaned Data'!$L$2:$L$16=$H$4)+($H$4="All"))*('Cleaned Data'!$K$2:$K$16="Yes"))/SUMPRODUCT((('Cleaned Data'!$H$2:$H$16=$B$4)+($B$4="All"))*(('Cleaned Data'!$J$2:$J$16=$E$4)+($E$4="All"))*(('Cleaned Data'!$L$2:$L$16=$H$4)+($H$4="All"))),0) -> 0.53333333 | G7: =SUMPRODUCT((('Cleaned Data'!$H$2:$H$16=$B$4)+($B$4="All"))*(('Cleaned Data'!$J$2:$J$16=$E$4)+($E$4="All"))*(('Cleaned Data'!$L$2:$L$16=$H$4)+($H$4="All"))*('Cleaned Data'!$K$2:$K$16="Yes")*'Cleaned Data'!$F$2:$F$16) -> 409.93
A10: Average Tenure (months)
A11: =IFERROR(SUMPRODUCT((('Cleaned Data'!$H$2:$H$16=$B$4)+($B$4="All"))*(('Cleaned Data'!$J$2:$J$16=$E$4)+($E$4="All"))*(('Cleaned Data'!$L$2:$L$16=$H$4)+($H$4="All"))*'Cleaned Data'!$D$2:$D$16)/SUMPRODUCT((('Cleaned Data'!$H$2:$H$16=$B$4)+($B$4="All"))*(('Cleaned Data'!$J$2:$J$16=$E$4)+($E$4="All"))*(('Cleaned Data'!$L$2:$L$16=$H$4)+($H$4="All"))),0) -> 18.8

Sheet Cleaned Data
A1: CustomerID | B1: Gender | C1: Age | D1: TenureMonths | E1: SubscriptionType | F1: MonthlyCharges | G1: TotalCharges | H1: ContractType | I1: SupportTickets | J1: PaymentMethod | K1: Churn | L1: TenureBand
A2: CUST-1001 | B2: Female | C2: 34 | D2: 12 | E2: Basic | F2: 49.99 | G2: 599.88 | H2: Month-to-Month | I2: 3 | J2: Credit Card | K2: Yes | L2: 0-12 months
A3: CUST-1002 | B3: Male | C3: 45 | D3: 24 | E3: Pro | F3: 79.99 | G3: 1919.76 | H3: One Year | I3: 1 | J3: Bank Transfer | K3: No | L3: 13-24 months
A4: CUST-1003 | B4: Female | C4: 29 | D4: 6 | E4: Basic | F4: 49.99 | G4: 299.94 | H4: Month-to-Month | I4: 5 | J4: UPI | K4: Yes | L4: 0-12 months
A5: CUST-1004 | B5: Male | C5: 52 | D5: 36 | E5: Enterprise | F5: 149.99 | G5: 5399.64 | H5: Two Year | I5: 0 | J5: Credit Card | K5: No | L5: 25+ months
A6: CUST-1005 | B6: Female | C6: 41 | D6: 8 | E6: Pro | F6: 79.99 | G6: 639.92 | H6: Month-to-Month | I6: 4 | J6: Debit Card | K6: Yes | L6: 0-12 months
A7: CUST-1006 | B7: Male | C7: 31 | D7: 18 | E7: Basic | F7: 49.99 | G7: 899.82 | H7: One Year | I7: 2 | J7: UPI | K7: No | L7: 13-24 months
A8: CUST-1007 | B8: Female | C8: 23 | D8: 3 | E8: Basic | F8: 49.99 | G8: 149.97 | H8: Month-to-Month | I8: 6 | J8: Credit Card | K8: Yes | L8: 0-12 months
A9: CUST-1008 | B9: Male | C9: 60 | D9: 48 | E9: Enterprise | F9: 149.99 | G9: 7199.52 | H9: Two Year | I9: 1 | J9: Bank Transfer | K9: No | L9: 25+ months
A10: CUST-1009 | B10: Female | C10: 38 | D10: 15 | E10: Pro | F10: 79.99 | G10: 1199.85 | H10: One Year | I10: 2 | J10: Credit Card | K10: No | L10: 13-24 months
A11: CUST-1010 | B11: Male | C11: 27 | D11: 4 | E11: Basic | F11: 49.99 | G11: 199.96 | H11: Month-to-Month | I11: 4 | J11: UPI | K11: Yes | L11: 0-12 months
A12: CUST-1011 | B12: Female | C12: 49 | D12: 30 | E12: Enterprise | F12: 149.99 | G12: 4499.7 | H12: Two Year | I12: 0 | J12: Credit Card | K12: No | L12: 25+ months
A13: CUST-1012 | B13: Male | C13: 33 | D13: 14 | E13: Pro | F13: 79.99 | G13: 1119.86 | H13: Month-to-Month | I13: 3 | J13: Debit Card | K13: Yes | L13: 13-24 months
... A16: CUST-1015 | B16: Female | C16: 43 | D16: 40 | E16: Enterprise | F16: 149.99 | G16: 5999.6 | H16: Two Year | I16: 1 | J16: Credit Card | K16: No | L16: 25+ months

Sheet Segment Analysis
A1: Churn by Contract Type | F1: Churn by Subscription Type
A2: Contract Type | B2: Customers | C2: Churned | D2: Churn Rate | F2: Subscription Type | G2: Customers | H2: Churned | I2: Churn Rate
A3: Month-to-Month | B3: =COUNTIF('Cleaned Data'!$H$2:$H$16,A3) -> 7 | C3: =COUNTIFS('Cleaned Data'!$H$2:$H$16,A3,'Cleaned Data'!$K$2:$K$16,"Yes") -> 7 | D3: =IFERROR(C3/B3,0) -> 1 | F3: Basic | G3: =COUNTIF('Cleaned Data'!$E$2:$E$16,F3) -> 7 | H3: =COUNTIFS('Cleaned Data'!$E$2:$E$16,F3,'Cleaned Data'!$K$2:$K$16,"Yes") -> 5 | I3: =IFERROR(H3/G3,0) -> 0.71428571
A4: One Year | B4: =COUNTIF('Cleaned Data'!$H$2:$H$16,A4) -> 4 | C4: =COUNTIFS('Cleaned Data'!$H$2:$H$16,A4,'Cleaned Data'!$K$2:$K$16,"Yes") -> 0 | D4: =IFERROR(C4/B4,0) -> 0 | F4: Enterprise | G4: =COUNTIF('Cleaned Data'!$E$2:$E$16,F4) -> 4 | H4: =COUNTIFS('Cleaned Data'!$E$2:$E$16,F4,'Cleaned Data'!$K$2:$K$16,"Yes") -> 0 | I4: =IFERROR(H4/G4,0) -> 0
A5: Two Year | B5: =COUNTIF('Cleaned Data'!$H$2:$H$16,A5) -> 4 | C5: =COUNTIFS('Cleaned Data'!$H$2:$H$16,A5,'Cleaned Data'!$K$2:$K$16,"Yes") -> 0 | D5: =IFERROR(C5/B5,0) -> 0 | F5: Pro | G5: =COUNTIF('Cleaned Data'!$E$2:$E$16,F5) -> 4 | H5: =COUNTIFS('Cleaned Data'!$E$2:$E$16,F5,'Cleaned Data'!$K$2:$K$16,"Yes") -> 2 | I5: =IFERROR(H5/G5,0) -> 0.5
A8: Churn by Payment Method
A9: Payment Method | B9: Customers | C9: Churned | D9: Churn Rate
A10: Bank Transfer | B10: =COUNTIF('Cleaned Data'!$J$2:$J$16,A10) -> 3 | C10: =COUNTIFS('Cleaned Data'!$J$2:$J$16,A10,'Cleaned Data'!$K$2:$K$16,"Yes") -> 0 | D10: =IFERROR(C10/B10,0) -> 0
A11: Credit Card | B11: =COUNTIF('Cleaned Data'!$J$2:$J$16,A11) -> 6 | C11: =COUNTIFS('Cleaned Data'!$J$2:$J$16,A11,'Cleaned Data'!$K$2:$K$16,"Yes") -> 2 | D11: =IFERROR(C11/B11,0) -> 0.33333333
A12: Debit Card | B12: =COUNTIF('Cleaned Data'!$J$2:$J$16,A12) -> 2 | C12: =COUNTIFS('Cleaned Data'!$J$2:$J$16,A12,'Cleaned Data'!$K$2:$K$16,"Yes") -> 2 | D12: =IFERROR(C12/B12,0) -> 1
A13: UPI | B13: =COUNTIF('Cleaned Data'!$J$2:$J$16,A13) -> 4 | C13: =COUNTIFS('Cleaned Data'!$J$2:$J$16,A13,'Cleaned Data'!$K$2:$K$16,"Yes") -> 3 | D13: =IFERROR(C13/B13,0) -> 0.75

Sheet Read Me
A1: BUSINESS KPI DASHBOARD — TASK 3
A2: Purpose
A3: Turn the cleaned synthetic customer churn data into decision-ready KPIs and readable visualizations.
A4: How to use the dashboard
A5: 1. Open the Dashboard sheet.
A6: 2. Use the dropdowns in B4 (Contract Type), E4 (Payment Method), and H4 (Tenure Band).
A7: 3. KPI cards update based on the selected filters when opened in Excel or compatible spreadsheet software.
A8: 4. View charts on the Dashboard sheet and detailed segment tables on Segment Analysis.
A9: KPI definitions
A10: Churn Rate = churned customers / customers in selected filter.
A11: Retention Rate = 1 - churn rate.
A12: Monthly Revenue at Risk = sum of MonthlyCharges for customers marked Churn = Yes in the selected filter. This is a proxy for monthly recurring revenue at risk, not a forecast.
... A18: Upload this workbook and the accompanying data_quality_report.md to a public GitHub repository or a view-only folder, then submit one link.
